"","AINU","ANDAMAN","ANYANG","ARIKARA","ATAYAL","AUSTRALI","BERG","BURIAT","BUSHMAN","DOGON","EASTER I","EGYPT","ESKIMO","GUAM","HAINAN","MOKAPU","MORIORI","N JAPAN","N MAORI","NORSE","PERU","PHILLIPI","S JAPAN","S MAORI","SANTA CR","TASMANIA","TEITA","TOLAI","ZALAVAR","ZULU"
"AINU",0,9.88443397668982,3.41365423075356,4.01767295318981,5.45731956991452,5.37267620976081,4.82937198238716,7.29069689829658,8.94870293053507,7.73159294216644,4.05475951006342,7.46827407844504,6.67081557304741,2.2481466999086,4.34978871638387,2.78321270851514,4.52130766255916,3.22275543332454,4.04727024626285,6.14754058661616,6.85725861310564,2.92232231692286,3.7403949404894,4.56099889321652,5.3012390767915,5.00963844994117,7.41995656979715,5.30158751924233,3.78620518706687,3.53468942341322
"ANDAMAN",9.88443397668982,0,10.6879712452666,9.53263403395493,5.58764334989531,9.58033082776095,8.08097876232098,12.7058655823893,6.07885188650991,5.05349471549237,11.8407468185015,7.10826930984904,11.7959169785554,10.5908180966244,6.90615147509687,10.4260048508806,11.0575087191552,8.42751978632011,12.526024917393,8.8843781994658,5.82619403678283,8.64862352272659,7.40265784662753,13.5019529107067,7.67911103489837,8.03612526394506,7.4414577935252,8.78240192248406,8.09725723331382,7.89469149956996
"ANYANG",3.41365423075356,10.6879712452666,0,5.5808846521608,5.95226887745517,7.91827766079142,6.89287326983111,7.10905670493205,10.4372820872158,8.45361744013714,5.8277752490681,9.31240676148774,7.17492019957928,1.72912525352865,3.9606174150067,3.10759124027149,5.83555563988722,2.99128485400769,5.68984218096304,8.32769838607837,7.84773309255779,2.66942013282229,3.70480007669396,5.47305638564756,6.78978728177966,7.18906673497266,8.99370543980535,6.65636295019333,6.26502571216556,5.43384503299643
"ARIKARA",4.01767295318981,9.53263403395493,5.5808846521608,0,6.2699982378589,5.6775084708606,4.86836988434465,7.4483180806948,9.92446263403395,8.14332396250751,6.11808036040367,7.32423456099704,7.28946114840601,4.49613144406169,4.96351892161346,4.36793156976037,3.05190768326242,4.43836340135341,4.83857404482537,6.17993576156003,6.21456712461203,4.19891038292151,5.15739300163613,4.98629584635322,4.11523199739132,5.55004147016556,8.08650586061207,5.65593795697887,4.62312965791477,5.46262896426809
"ATAYAL",5.45731956991452,5.58764334989531,5.95226887745517,6.2699982378589,0,7.44955132450949,4.87501456522141,9.20443078578009,5.91658698536044,5.66066094488809,8.25662762896051,7.19113361489245,8.94258458162929,6.04811399261015,2.63031139576175,6.29982713239512,8.02671369689439,3.86190984891513,8.81190915562721,7.50004750801408,4.25691876594073,4.310598402745,3.1950543643952,9.4294309367094,5.42903691124258,6.07434258958813,7.24478877454823,6.70058799932513,4.78137636079433,4.81448112317667
"AUSTRALI",5.37267620976081,9.58033082776095,7.91827766079142,5.6775084708606,7.44955132450949,0,6.63472486288324,9.9195254652934,8.24440503526508,7.86810763852227,6.20464124775927,7.98095862321805,8.35501740766599,6.88515707827429,7.26080956120575,6.59017953696264,6.24774937997678,6.89051474791217,6.21309476262033,6.76481434033727,7.93527705979555,6.21425635059847,6.92533829878736,7.57506220523466,5.21893409203404,2.1992095668261,6.60627910697516,3.36908062560505,5.76557576217987,4.40693605854156
"BERG",4.82937198238716,8.08097876232098,6.89287326983111,4.86836988434465,4.87501456522141,6.63472486288324,0,8.2021855975453,7.74113304395573,7.22570113476263,8.21995516283046,5.77197363133641,9.237315137908,6.183780674244,5.15657840840111,6.85970159720241,6.89285593129249,5.18443585507532,7.76936470254838,5.10574361207397,4.4539096201738,5.11595735016337,5.45050637424876,8.0582684245843,4.67944746021122,5.95354036043379,7.75629369695212,7.58333108832479,2.09694740674853,5.05777160925674
"BURIAT",7.29069689829658,12.7058655823893,7.10905670493205,7.4483180806948,9.20443078578009,9.9195254652934,8.2021855975453,0,12.0126079440297,9.34162126608752,9.76412068768873,9.61756679365241,6.0243649647171,7.03382532935204,8.14659917952018,7.98436324099972,8.50311840578002,7.24870985849555,8.76898055874046,7.50980130740363,9.69395207989127,7.44541078384448,8.12599814804173,8.0124622270982,8.51578363704066,10.1767846730424,9.21160951878354,10.2653766322236,8.65412019969123,8.8580859851318
"BUSHMAN",8.94870293053507,6.07885188650991,10.4372820872158,9.92446263403395,5.91658698536044,8.24440503526508,7.74113304395573,12.0126079440297,0,6.74722825892448,10.9038161729263,8.90422560111842,11.5433872105799,10.2133683680424,7.81814550520416,10.2939370371346,11.3328418950739,8.23299539159356,11.8880855003674,9.26228809251477,7.50155979231417,8.81164435696776,7.51450604711776,12.8197021100695,7.74559234686199,7.56369048938037,6.92402940773602,8.87181348311529,7.94611151215507,6.58000988523658
"DOGON",7.73159294216644,5.05349471549237,8.45361744013714,8.14332396250751,5.66066094488809,7.86810763852227,7.22570113476263,9.34162126608752,6.74722825892448,0,9.69176115395097,5.25687991303789,8.54847819310983,8.23445828050879,5.87990298586416,8.5352751495556,9.45629083619944,7.06233837175647,10.5134976046095,6.04902406697438,6.76487667181429,6.71868462164087,6.18449470893253,11.3056621937226,7.12899995161988,6.757856862476,3.53997085532119,7.24251992954055,7.08531504931006,5.8104494595706
"EASTER I",4.05475951006342,11.8407468185015,5.8277752490681,6.11808036040367,8.25662762896051,6.20464124775927,8.21995516283046,9.76412068768873,10.9038161729263,9.69176115395097,0,9.13656615741169,6.73706279244795,4.60018636018799,7.17565449331065,3.4263803538095,4.95351047119542,6.19490657693661,3.25936461609736,8.0667614809205,9.8635543088007,6.04705877291446,6.19639520098486,4.57848728701535,7.97943961586851,6.32127822094255,8.45602766516138,5.68263289604961,6.72755464600302,5.62782818475403
"EGYPT",7.46827407844504,7.10826930984904,9.31240676148774,7.32423456099704,7.19113361489245,7.98095862321805,5.77197363133641,9.61756679365241,8.90422560111842,5.25687991303789,9.13656615741169,0,8.55551048811082,8.52677160430389,7.22295814661417,8.4781653668014,8.26904561382612,7.77969985848686,9.38033116753972,2.97031843588501,6.41532440091161,7.68260889443199,7.21517341642291,10.2058437787536,7.09342442636938,7.09886581997494,5.76986776295176,8.27018920285536,5.30641105314405,6.74546308244937
"ESKIMO",6.67081557304741,11.7959169785554,7.17492019957928,7.28946114840601,8.94258458162929,8.35501740766599,9.237315137908,6.0243649647171,11.5433872105799,8.54847819310983,6.73706279244795,8.55551048811082,0,6.68422690396468,7.95812795702796,6.08745951618271,7.20875311639026,7.15120574924272,6.85583329677044,7.05605238404049,10.0906706821912,7.48672729476976,7.31471574274337,7.23365951068162,8.71593693513677,8.5871269720794,7.62113462874543,7.93515460218347,8.48705157471644,8.0138317158443
"GUAM",2.2481466999086,10.5908180966244,1.72912525352865,4.49613144406169,6.04811399261015,6.88515707827429,6.183780674244,7.03382532935204,10.2133683680424,8.23445828050879,4.60018636018799,8.52677160430389,6.68422690396468,0,4.1440116769398,2.2780339156195,4.66974015389571,3.15833059947156,4.52957168195856,7.40109426626695,7.81528711297378,2.46611046659932,3.79661377021508,4.35564940169351,6.3667954851797,6.37359201337048,8.27838242109227,5.98440355658742,5.44200921541219,4.61456751301129
"HAINAN",4.34978871638387,6.90615147509687,3.9606174150067,4.96351892161346,2.63031139576175,7.26080956120575,5.15657840840111,8.14659917952018,7.81814550520416,5.87990298586416,7.17565449331065,7.22295814661417,7.95812795702796,4.1440116769398,0,4.56178578283091,6.31884611877726,2.2375904425798,7.37123669053848,7.23033970781502,4.88325985344709,2.34342301642439,1.78160871393021,7.72973039113982,4.9935848523688,5.90461417176934,7.376028366198,5.90162202463124,4.84799650581246,4.39296155724582
"MOKAPU",2.78321270851514,10.4260048508806,3.10759124027149,4.36793156976037,6.29982713239512,6.59017953696264,6.85970159720241,7.98436324099972,10.2939370371346,8.5352751495556,3.4263803538095,8.4781653668014,6.08745951618271,2.2780339156195,4.56178578283091,0,3.68851761113578,3.35945278485879,3.39416778306436,7.56024512107146,7.7647327315514,3.59044104952935,3.73712698769348,3.96718003989372,6.17225760671266,6.08218564709344,8.41445530961907,5.29426931261584,5.69154428447701,5.05957346555456
"MORIORI",4.52130766255916,11.0575087191552,5.83555563988722,3.05190768326242,8.02671369689439,6.24774937997678,6.89285593129249,8.50311840578002,11.3328418950739,9.45629083619944,4.95351047119542,8.26904561382612,7.20875311639026,4.66974015389571,6.31884611877726,3.68851761113578,0,5.23842977895531,2.98742635931335,7.1483867985952,7.92049123784012,5.33216752620348,5.83305516286289,3.37254153106375,5.39701939752235,6.21856241632525,9.02201726358325,5.75749571699269,6.0394684702229,6.16520978056223
"N JAPAN",3.22275543332454,8.42751978632011,2.99128485400769,4.43836340135341,3.86190984891513,6.89051474791217,5.18443585507532,7.24870985849555,8.23299539159356,7.06233837175647,6.19490657693661,7.77969985848686,7.15120574924272,3.15833059947156,2.2375904425798,3.35945278485879,5.23842977895531,0,5.90865038908587,7.13999921955427,5.37416096599414,2.42251723497785,1.53396533961056,6.16483196685044,4.50538521967929,5.95278030579588,7.8530736902706,5.91613403303981,4.72401921181424,4.35893384193289
"N MAORI",4.04727024626285,12.526024917393,5.68984218096304,4.83857404482537,8.81190915562721,6.21309476262033,7.76936470254838,8.76898055874046,11.8880855003674,10.5134976046095,3.25936461609736,9.38033116753972,6.85583329677044,4.52957168195856,7.37123669053848,3.39416778306436,2.98742635931335,5.90865038908587,0,7.83095829168997,9.24739319719638,5.96587360980686,6.54309012765885,2.187007592611,6.81619572432965,6.53634856246601,9.635485029957,6.03006875707286,6.50932059169563,6.48530851552627
"NORSE",6.14754058661616,8.8843781994658,8.32769838607837,6.17993576156003,7.50004750801408,6.76481434033727,5.10574361207397,7.50980130740363,9.26228809251477,6.04902406697438,8.0667614809205,2.97031843588501,7.05605238404049,7.40109426626695,7.23033970781502,7.56024512107146,7.1483867985952,7.13999921955427,7.83095829168997,0,6.79250419920368,6.97948244834844,7.06772815000082,8.4911091416986,6.33173075373371,6.54161185480368,5.59077955290123,7.72442661760643,4.72318966063397,6.19132647507974
"PERU",6.85725861310564,5.82619403678283,7.84773309255779,6.21456712461203,4.25691876594073,7.93527705979555,4.4539096201738,9.69395207989127,7.50155979231417,6.76487667181429,9.8635543088007,6.41532440091161,10.0906706821912,7.81528711297378,4.88325985344709,7.7647327315514,7.92049123784012,5.37416096599414,9.24739319719638,6.79250419920368,0,6.08617937011637,5.32452083016902,9.9455933068769,3.91137981604942,6.6119356014759,8.60565635360324,7.68893114416522,4.61995515426897,6.70341680799965
"PHILLIPI",2.92232231692286,8.64862352272659,2.66942013282229,4.19891038292151,4.310598402745,6.21425635059847,5.11595735016337,7.44541078384448,8.81164435696776,6.71868462164087,6.04705877291446,7.68260889443199,7.48672729476976,2.46611046659932,2.34342301642439,3.59044104952935,5.33216752620348,2.42251723497785,5.96587360980686,6.97948244834844,6.08617937011637,0,2.79713472537644,6.18400769827486,4.99310432543838,5.18141625197795,7.48795240576845,5.07851610500298,4.6189185087545,3.71228737338047
"S JAPAN",3.7403949404894,7.40265784662753,3.70480007669396,5.15739300163613,3.1950543643952,6.92533829878736,5.45050637424876,8.12599814804173,7.51450604711776,6.18449470893253,6.19639520098486,7.21517341642291,7.31471574274337,3.79661377021508,1.78160871393021,3.73712698769348,5.83305516286289,1.53396533961056,6.54309012765885,7.06772815000082,5.32452083016902,2.79713472537644,0,7.07819506601004,4.94780336312192,5.69373447469555,7.1567304975985,5.65474736156284,4.77979236910874,3.8978138498309
"S MAORI",4.56099889321652,13.5019529107067,5.47305638564756,4.98629584635322,9.4294309367094,7.57506220523466,8.0582684245843,8.0124622270982,12.8197021100695,11.3056621937226,4.57848728701535,10.2058437787536,7.23365951068162,4.35564940169351,7.72973039113982,3.96718003989372,3.37254153106375,6.16483196685044,2.187007592611,8.4911091416986,9.9455933068769,6.18400769827486,7.07819506601004,0,7.55255261224176,7.94195938485644,10.5282524483954,7.49175579985496,7.23189969979447,7.29891375050165
"SANTA CR",5.3012390767915,7.67911103489837,6.78978728177966,4.11523199739132,5.42903691124258,5.21893409203404,4.67944746021122,8.51578363704066,7.74559234686199,7.12899995161988,7.97943961586851,7.09342442636938,8.71593693513677,6.3667954851797,4.9935848523688,6.17225760671266,5.39701939752235,4.50538521967929,6.81619572432965,6.33173075373371,3.91137981604942,4.99310432543838,4.94780336312192,7.55255261224176,0,4.56413862909618,7.70024520685962,5.41768733276508,4.60318790547288,5.14907696938021
"TASMANIA",5.00963844994117,8.03612526394506,7.18906673497266,5.55004147016556,6.07434258958813,2.1992095668261,5.95354036043379,10.1767846730424,7.56369048938037,6.757856862476,6.32127822094255,7.09886581997494,8.5871269720794,6.37359201337048,5.90461417176934,6.08218564709344,6.21856241632525,5.95278030579588,6.53634856246601,6.54161185480368,6.6119356014759,5.18141625197795,5.69373447469555,7.94195938485644,4.56413862909618,0,6.38811318641553,2.49665409270725,4.86705439454651,3.52219533203863
"TEITA",7.41995656979715,7.4414577935252,8.99370543980535,8.08650586061207,7.24478877454823,6.60627910697516,7.75629369695212,9.21160951878354,6.92402940773602,3.53997085532119,8.45602766516138,5.76986776295176,7.62113462874543,8.27838242109227,7.376028366198,8.41445530961907,9.02201726358325,7.8530736902706,9.635485029957,5.59077955290123,8.60565635360324,7.48795240576845,7.1567304975985,10.5282524483954,7.70024520685962,6.38811318641553,0,6.91802502004318,7.43139700441111,5.39120954315332
"TOLAI",5.30158751924233,8.78240192248406,6.65636295019333,5.65593795697887,6.70058799932513,3.36908062560505,7.58333108832479,10.2653766322236,8.87181348311529,7.24251992954055,5.68263289604961,8.27018920285536,7.93515460218347,5.98440355658742,5.90162202463124,5.29426931261584,5.75749571699269,5.91613403303981,6.03006875707286,7.72442661760643,7.68893114416522,5.07851610500298,5.65474736156284,7.49175579985496,5.41768733276508,2.49665409270725,6.91802502004318,0,6.40010441845978,4.43585754750683
"ZALAVAR",3.78620518706687,8.09725723331382,6.26502571216556,4.62312965791477,4.78137636079433,5.76557576217987,2.09694740674853,8.65412019969123,7.94611151215507,7.08531504931006,6.72755464600302,5.30641105314405,8.48705157471644,5.44200921541219,4.84799650581246,5.69154428447701,6.0394684702229,4.72401921181424,6.50932059169563,4.72318966063397,4.61995515426897,4.6189185087545,4.77979236910874,7.23189969979447,4.60318790547288,4.86705439454651,7.43139700441111,6.40010441845978,0,4.33872979110049
"ZULU",3.53468942341322,7.89469149956996,5.43384503299643,5.46262896426809,4.81448112317667,4.40693605854156,5.05777160925674,8.8580859851318,6.58000988523658,5.8104494595706,5.62782818475403,6.74546308244937,8.0138317158443,4.61456751301129,4.39296155724582,5.05957346555456,6.16520978056223,4.35893384193289,6.48530851552627,6.19132647507974,6.70341680799965,3.71228737338047,3.8978138498309,7.29891375050165,5.14907696938021,3.52219533203863,5.39120954315332,4.43585754750683,4.33872979110049,0
